student_id,name,age,gpa,attendance,city
1001,Ahmed Ali,22.0,3.5,92.0,Sanaa
1002,Sara Mohammed,21.0,3.8,96.0,Sanaa
1003,Khaled Hassan,23.0,2.91,88.0,Dhamar
1004,Mona Saleh,20.0,2.91,94.0,Ibb
1005,Ali Ahmed,22.0,2.9,75.0,Taiz
1006,Huda Omar,22.0,3.2,84.0,Sanaa
1007,Ahmed Ali,22.0,3.5,92.0,Sanaa
1008,Mohammed Noor,21.0,3.9,84.0,Dhamar
1015,Fahd Ali,22.0,3.36,66.0,Sana'A
1052,Noor Hassan,25.0,2.75,98.0,Dhamar
1030,Aisha Al-Sabri,26.0,1.73,84.0,Dhamar
1063,Huda Al-Yemeni,22.0,2.61,100.0,Sana'A
1081,Noor Al-Sabri,21.0,3.52,90.0,Dhamar
1036,Bilal Al-Sabri,19.0,3.11,84.0,Taiz
1098,Maryam Al-Hakimi,26.0,3.01,92.0,Dhamar
1064,Maryam Hassan,29.0,2.34,60.0,Mukalla
1067,Rana Ali,26.0,3.11,94.0,Dhamar
1058,Omar Al-Sabri,16.0,2.54,94.0,Ibb
1048,Rana Al-Sabri,20.0,2.91,100.0,Taiz
1051,Mazen Al-Yemeni,17.0,3.22,84.0,Sana'A
1019,Lina Al-Hakimi,19.0,1.62,62.0,Sana'A
1085,Dina Ahmed,20.0,3.45,62.0,Ibb
1054,Maryam Al-Hakimi,26.0,2.91,70.0,Taiz
1079,Yousef Mohammed,30.0,3.61,85.0,Sana'A
1032,Lina Ali,17.0,2.91,87.0,Ibb
1045,Ali Al-Sabri,24.0,2.77,84.0,Ibb
1013,Bilal Mohammed,22.0,2.91,58.0,Taiz
1044,Rana Al-Sabri,25.0,3.4,84.0,Aden
1083,Fahd Al-Sabri,17.0,1.88,84.0,Mukalla
1088,Yousef Abdullah,24.0,3.39,74.0,Ibb
1016,Yousef Al-Yemeni,20.0,3.54,85.0,Dhamar
1084,Maryam Al-Yemeni,18.0,2.92,89.0,Mukalla
1090,Rana Hassan,26.0,1.85,91.0,Ibb
1086,Noor Abdullah,26.0,2.93,96.0,Ibb
1028,Reem Mohammed,30.0,3.36,87.0,Dhamar
1026,Huda Ali,29.0,2.94,70.0,Dhamar
1065,Salma Al-Hakimi,22.0,1.81,61.0,Ibb
1056,Omar Ali,25.0,3.49,75.0,Sana'A
1066,Maryam Al-Hakimi,26.0,1.84,76.0,Dhamar
1075,Reem Al-Yemeni,29.0,2.69,67.0,Taiz
1071,Reem Al-Hakimi,30.0,2.87,98.0,Ibb
1041,Younes Ali,25.0,3.32,93.0,Sana'A
1093,Dina Abdullah,18.0,3.93,65.0,Ibb
1074,Waleed Ali,27.0,1.76,82.0,Sana'A
1057,Salma Ahmed,23.0,3.42,72.0,Ibb
1082,Rana Abdullah,24.0,3.53,58.0,Aden
1097,Reem Al-Yemeni,17.0,3.31,84.0,Taiz
1073,Salma Ali,21.0,1.6,69.0,Dhamar
1042,Younes Mohammed,20.0,2.43,84.0,Sana'A
1089,Rana Ahmed,28.0,3.88,94.0,Hodeidah
1070,Sara Saleh,20.0,1.97,99.0,Dhamar
1011,Bilal Al-Ariqi,26.0,1.91,97.0,Dhamar
1037,Salma Al-Sabri,22.0,2.0,85.0,Taiz
1014,Bilal Al-Yemeni,19.0,1.73,84.0,Sana'A
1012,Sara Ahmed,16.0,3.39,97.0,Mukalla
1043,Ahmed Al-Yemeni,22.0,1.73,69.0,Sana'A
1025,Rana Mohammed,26.0,3.69,82.0,Dhamar
1029,Dina Al-Ariqi,26.0,2.72,96.0,Ibb
1027,Ahmed Hassan,25.0,3.14,84.0,Sana'A
1040,Maryam Al-Hakimi,19.0,2.64,97.0,Aden
1092,Bilal Ali,28.0,3.2,87.0,Mukalla
1087,Sara Ahmed,27.0,2.33,93.0,Taiz
1091,Ali Al-Hakimi,29.0,1.57,98.0,Ibb
1046,Yousef Hassan,21.0,1.89,66.0,Hodeidah
1017,Aisha Al-Hakimi,16.0,2.45,79.0,Mukalla
1076,Dina Hassan,16.0,1.84,59.0,Aden
1072,Huda Ahmed,27.0,1.61,88.0,Ibb
1053,Huda Al-Ariqi,26.0,3.24,72.0,Ibb
1080,Bilal Al-Hakimi,17.0,2.64,84.0,Mukalla
1038,Ali Ali,18.0,3.51,66.0,Mukalla
1022,Rana Al-Hakimi,20.0,3.89,76.0,Taiz
1061,Mazen Al-Yemeni,29.0,2.91,93.0,Sana'A
1055,Rana Al-Ariqi,18.0,2.91,61.0,Taiz
1059,Bilal Ahmed,22.0,2.22,63.0,Sana'A
1062,Rana Ali,30.0,1.54,65.0,Aden
1068,Ali Al-Hakimi,23.0,1.59,74.0,Aden
1060,Younes Al-Ariqi,21.0,2.04,75.0,Ibb
1031,Sara Al-Sabri,21.0,3.04,64.0,Sana'A
1024,Bilal Hassan,22.0,3.59,97.0,Dhamar
1023,Maryam Al-Yemeni,22.0,3.34,84.0,Dhamar
1096,Lina Al-Sabri,23.0,3.07,91.0,Sana'A
1094,Bilal Al-Hakimi,23.0,1.99,68.0,Ibb
1069,Sara Mohammed,27.0,2.91,87.0,Hodeidah
1020,Omar Mohammed,17.0,2.21,89.0,Hodeidah
1077,Ali Mohammed,20.0,3.71,83.0,Ibb
1010,Sara Saleh,16.0,3.86,57.0,Taiz
1049,Bilal Al-Yemeni,18.0,2.91,91.0,Ibb
1099,Yousef Ahmed,24.0,2.91,61.0,Sana'A
1078,Aisha Hassan,27.0,1.72,82.0,Ibb
1039,Noor Abdullah,16.0,1.92,94.0,Ibb
1035,Maryam Ali,17.0,3.7,100.0,Hodeidah
1050,Younes Hassan,22.0,3.59,58.0,Dhamar
1033,Huda Mohammed,25.0,3.17,75.0,Sana'A
1034,Huda Al-Ariqi,20.0,1.71,62.0,Sana'A
1009,Bilal Saleh,21.0,1.71,61.0,Taiz
1018,Omar Al-Yemeni,26.0,3.17,97.0,Taiz
1100,Reem Hassan,19.0,2.01,84.0,Aden
1047,Yousef Ali,17.0,2.91,84.0,Mukalla
1021,Fahd Al-Yemeni,25.0,1.77,73.0,Sana'A
1095,Dina Mohammed,25.0,1.88,74.0,Dhamar
